Player,Tm,PTS_high_diff,FG_diff,VORP_diff,FGA_diff,OWS_diff,WS_diff,MP_diff,PER_diff,TRB_diff,AST_diff,OBPM_diff,USG%_diff,PER_rel,lifetime,Share
Lauri Markkanen,UTA,6.199999999999999,3.200000000000001,3.418367346938776,4.600000000000001,6.336734693877552,6.546938775510204,3.4999999999999964,8.2,2.999999999999999,0.3999999999999999,4.8999999999999995,5.600000000000001,0.5578231292517006,6,0.31444590833333336
Tyrese Haliburton,IND,4.699999999999999,1.6000000000000005,3.193023255813953,3.299999999999999,2.999999999999999,3.6790697674418595,-1.6000000000000014,4.600000000000001,-0.10000000000000009,2.1000000000000014,3.7,4.800000000000001,0.25274725274725285,3,0.23109133611111105
Shai Gilgeous-Alexander,OKC,6.5,1.9000000000000004,4.133333333333333,1.5999999999999979,7.45,9.408333333333333,0.7999999999999972,6.600000000000001,-0.20000000000000018,-0.3000000000000007,3.0000000000000004,1.9000000000000021,0.3157894736842106,5,0.210052953968254
Jalen Brunson,NYK,6.800000000000001,1.9000000000000004,1.958823529411764,4.699999999999999,2.4960784313725473,2.1470588235294112,2.8999999999999986,3.3999999999999986,-0.3999999999999999,1.4000000000000004,3.0,5.200000000000003,0.19883040935672505,5,0.16595036309523808
Alperen Şengün,HOU,5.800000000000001,2.5999999999999996,2.1625,3.3,3.812500000000001,4.7333333333333325,7.300000000000001,5.300000000000001,3.3000000000000007,0.8999999999999999,3.3,0.0,0.33125000000000004,2,0.15073606749639248
Devin Vassell,SAS,7.099999999999998,2.5,1.2793103448275864,5.199999999999999,1.2448275862068965,0.09310344827586192,4.0,3.3999999999999986,-0.2999999999999998,1.7000000000000002,2.7,6.100000000000001,0.2556390977443608,3,0.11483071493506498
Luka Dončić,DAL,4.599999999999998,1.4000000000000004,3.346808510638297,0.6999999999999993,6.668085106382979,6.8808510638297875,1.1000000000000014,5.399999999999999,-0.1999999999999993,-0.5,1.9000000000000004,1.1000000000000014,0.21513944223107562,5,0.0887058799062049
Santi Aldama,MEM,5.4,1.7,1.776,2.9000000000000004,2.8880000000000003,5.276000000000001,10.899999999999999,4.5,2.0,0.5,4.4,-2.6999999999999993,0.44117647058823534,2,0.08086804087301588
Isaiah Joe,OKC,4.3,1.5,2.077272727272727,2.3999999999999995,3.168181818181818,4.072727272727272,4.1,9.3,1.1,0.4,6.0,2.1999999999999993,1.2077922077922079,3,0.07288344494949495
Trey Murphy III,NOP,7.6,2.7,2.007692307692307,4.6,3.273076923076923,5.353846153846153,15.4,2.0999999999999996,1.3000000000000003,0.7000000000000001,1.0,-0.1999999999999993,0.16799999999999998,2,0.07285570396825398
Nic Claxton,BRK,4.300000000000001,1.9000000000000004,2.5795918367346937,2.2,3.891836734693878,6.875510204081632,8.8,3.099999999999998,3.4000000000000004,0.7999999999999999,1.0,0.7000000000000011,0.16666666666666655,4,0.06994977658730157
Julius Randle,NYK,0.5999999999999979,1.200000000000001,2.8727272727272726,0.8000000000000007,5.965454545454545,6.1436363636363645,0.6000000000000014,5.100000000000001,0.9000000000000004,-0.8999999999999995,3.6,0.10000000000000142,0.3248407643312103,9,0.04345802536075036
Nick Richards,CHO,5.1,1.9000000000000001,0.30000000000000004,3.1000000000000005,3.0000000000000004,3.8,9.7,3.799999999999999,3.8999999999999995,0.2,2.5,1.5999999999999996,0.23899371069182382,3,0.03372436666666666
Bol Bol,ORL,5.1000000000000005,3.4,0.8367346938775511,5.800000000000001,0.6693877551020408,3.2469387755102037,18.2,2.4000000000000004,5.0,0.5,-0.4,0.8000000000000007,0.1777777777777778,4,0.03186773452380951
Jayson Tatum,BOS,4.0,0.6999999999999993,1.104,1.0,2.5439999999999996,2.5359999999999996,1.3999999999999986,2.5,0.6999999999999993,0.0,1.0,0.7999999999999972,0.1146788990825688,6,0.02522301753246753
Josh Giddey,OKC,3.6999999999999993,1.7999999999999998,1.24468085106383,2.0,2.1723404255319148,3.438297872340426,-0.6000000000000014,3.3999999999999986,0.20000000000000018,-0.5,2.1,2.3000000000000007,0.2556390977443608,2,0.021303859523809525
Mason Plumlee,CHO,1.9000000000000004,1.9000000000000004,1.7836363636363641,2.5999999999999996,3.8600000000000003,4.096363636363637,3.8999999999999986,5.800000000000001,1.9999999999999991,0.6000000000000001,3.3,3.8000000000000007,0.39455782312925175,10,0.01955030317460317
Donovan Mitchell,CLE,0.5,0.10000000000000142,2.2311111111111113,-0.8000000000000007,1.677777777777778,3.368888888888887,1.7000000000000028,0.5999999999999979,-0.40000000000000036,-0.39999999999999947,0.7000000000000002,-1.5999999999999979,0.027777777777777676,6,0.016819874206349204
Anfernee Simons,POR,4.699999999999999,1.5999999999999996,0.7862745098039217,3.1999999999999993,2.341176470588236,3.566666666666667,6.299999999999997,0.3999999999999986,0.10000000000000009,0.19999999999999973,0.0,0.3999999999999986,0.02614379084967311,5,0.013838295238095238
Tre Jones,SAS,6.800000000000001,2.6,-0.23921568627450981,6.5,0.35098039215686283,-0.00588235294117645,12.799999999999997,0.0,1.2999999999999998,2.9,0.30000000000000004,4.500000000000002,0.0,3,0.012844349603174604
Myles Turner,IND,3.1999999999999993,1.6000000000000005,1.7521739130434786,2.299999999999999,2.7565217391304344,4.743478260869566,0.5,2.700000000000003,1.0,0.30000000000000004,1.4,4.199999999999999,0.15517241379310362,8,0.012479837301587299
Quentin Grimes,NYK,4.6,1.6,0.4454545454545456,3.200000000000001,2.3818181818181823,3.4454545454545458,13.399999999999999,0.10000000000000142,1.5,1.0,0.19999999999999996,-1.0999999999999996,0.009345794392523497,2,0.007885699999999999
Aaron Nesmith,IND,4.999999999999999,1.9,-0.041666666666666685,4.5,1.0833333333333335,1.9916666666666667,13.100000000000001,2.8,2.0,0.7999999999999999,2.3000000000000003,-0.3999999999999986,0.3835616438356164,3,0.007758004761904762
Desmond Bane,MEM,3.5,0.8999999999999995,0.738709677419354,1.8999999999999986,0.5258064516129028,1.0000000000000009,1.1999999999999993,1.3999999999999986,0.2999999999999998,1.2999999999999998,1.0,3.599999999999998,0.07954545454545446,3,0.006219432936507936
Joel Embiid,PHI,2.799999999999997,1.299999999999999,0.8799999999999999,1.1999999999999993,1.5299999999999994,2.3499999999999996,0.9000000000000057,-0.5,-1.5,-0.10000000000000053,-1.0,0.7999999999999972,-0.016025641025641028,7,0.005681714682539684
Jevon Carter,MIL,2.3,1.2000000000000002,0.718867924528302,2.6000000000000005,0.11886792452830197,2.049056603773585,9.100000000000001,0.8000000000000007,0.8,1.1,-0.8,0.3000000000000007,0.08333333333333341,5,0.0052180051587301605
Moritz Wagner,ORL,2.5,0.6000000000000001,0.3424242424242424,1.1000000000000005,2.175757575757576,2.915151515151515,6.199999999999999,-0.3000000000000007,1.3999999999999995,0.30000000000000004,-0.9,-2.1999999999999993,-0.016574585635359153,5,0.004438328571428572
Anthony Edwards,MIN,3.3999999999999986,1.3000000000000007,0.4892857142857143,1.8999999999999986,-0.9214285714285715,0.5321428571428575,2.200000000000003,1.1999999999999993,1.2000000000000002,0.7000000000000002,-0.5,2.900000000000002,0.07272727272727268,3,0.004062294047619048
Keldon Johnson,SAS,4.699999999999999,1.4000000000000004,-1.0744680851063828,4.199999999999999,-1.6787234042553192,-3.3297872340425534,0.7000000000000028,0.0,-1.2999999999999998,0.6000000000000001,0.10000000000000009,6.699999999999999,0.0,4,0.0033397809523809533
Franz Wagner,ORL,4.300000000000001,1.2999999999999998,0.4377358490566039,2.299999999999999,1.6132075471698113,1.5698113207547166,2.5000000000000036,1.8000000000000007,-0.40000000000000036,0.5,1.2000000000000002,3.0,0.12244897959183679,2,0.003315169841269841
P.J. Washington,CHO,1.799999999999999,1.7000000000000002,-0.7481481481481482,4.600000000000001,-1.0407407407407407,-0.8185185185185189,5.5000000000000036,-1.4000000000000004,-0.7000000000000002,0.10000000000000009,-1.0,3.700000000000001,-0.10294117647058826,4,0.003277666666666667
Dejounte Murray,ATL,0.09999999999999787,0.0,-1.3877551020408165,0.0,-1.2224489795918365,-1.4428571428571422,1.7000000000000028,-4.199999999999999,-2.9000000000000004,-2.999999999999999,-1.9000000000000001,-2.0,-0.18834080717488785,6,0.003027933730158731
Josh Green,DAL,3.3,1.0,0.1823529411764706,1.2999999999999998,2.376470588235294,2.1823529411764704,7.199999999999999,0.7999999999999989,0.0,0.19999999999999996,1.0,-0.09999999999999964,0.06722689075630243,3,0.0028584571428571437
Yuta Watanabe,BRK,2.3,0.8999999999999999,0.841025641025641,0.9999999999999996,2.6333333333333333,3.2948717948717947,6.699999999999999,1.8000000000000007,0.30000000000000027,0.20000000000000007,2.4,-3.700000000000001,0.15652173913043485,5,0.0028575976190476195
Jordan Clarkson,UTA,2.6000000000000014,1.6999999999999993,0.07358490566037745,2.700000000000001,0.8207547169811318,-0.09622641509433905,5.399999999999999,0.5999999999999996,0.3999999999999999,1.7000000000000002,1.0,0.8999999999999986,0.0402684563758389,9,0.002827273015873016
Kevin Porter Jr.,HOU,2.599999999999998,1.2000000000000002,1.2349999999999999,2.200000000000001,1.23,2.0700000000000003,2.6999999999999993,2.0,1.0999999999999996,-0.6000000000000005,0.9,1.3999999999999986,0.14814814814814814,4,0.0026328111111111113
Jeremiah Robinson-Earl,OKC,1.0,0.5999999999999996,1.046153846153846,0.10000000000000053,2.4384615384615387,3.546153846153846,-1.0999999999999979,3.6000000000000014,-0.5999999999999996,0.0,2.4,0.0,0.3076923076923078,2,0.0024545003968253973
Kevon Looney,GSW,0.5,0.2999999999999998,0.5566037735849056,0.0,2.379245283018868,1.5547169811320751,2.299999999999997,1.6000000000000014,1.2999999999999998,0.6000000000000001,1.6,-1.8999999999999986,0.1019108280254778,8,0.0022214380952380952
Kyle Kuzma,WAS,2.6000000000000014,1.6999999999999993,-0.196078431372549,3.6000000000000014,-0.4823529411764705,0.25098039215686274,1.5,-0.1999999999999993,-0.9000000000000004,0.5,0.2,3.5,-0.01315789473684206,6,0.002063580158730159
Bruce Brown,DEN,2.3000000000000007,0.8000000000000003,-0.11698113207547145,2.0,-0.9433962264150941,-0.4679245283018867,4.099999999999998,-1.8000000000000007,-0.7999999999999998,1.5,-0.29999999999999993,2.1999999999999993,-0.12000000000000005,5,0.002062794047619048
Evan Mobley,CLE,0.3000000000000007,0.20000000000000018,0.666037735849057,-0.5999999999999996,1.7490566037735853,2.999999999999999,0.4000000000000057,0.8999999999999986,0.6999999999999993,0.2999999999999998,0.4,-0.6999999999999993,0.05590062111801233,2,0.0019027250000000003
Austin Reaves,LAL,3.500000000000001,1.0,0.2277777777777778,1.8999999999999995,0.8611111111111112,1.6555555555555554,5.699999999999999,0.3000000000000007,-0.10000000000000009,0.40000000000000013,0.10000000000000009,1.799999999999999,0.02608695652173919,2,0.0017719698412698413
Bojan Bogdanović,DET,1.1999999999999993,1.1000000000000005,0.8294117647058823,1.4000000000000004,1.062745098039215,-0.05490196078431353,0.8000000000000007,2.0,-0.6999999999999997,0.9000000000000001,1.1999999999999997,2.0,0.12738853503184713,9,0.0016896023809523813
Jarred Vanderbilt,UTA,1.4000000000000004,0.3999999999999999,0.6346153846153848,1.0999999999999996,0.36923076923076925,-0.007692307692307665,-1.2999999999999972,1.0,-0.5,1.4000000000000001,0.9,3.299999999999999,0.06535947712418301,5,0.001608311904761905
Pascal Siakam,TOR,1.8000000000000007,0.0,0.04444444444444473,1.0,1.1133333333333333,0.28222222222222193,-0.3999999999999986,0.09999999999999787,-0.5999999999999996,0.9000000000000004,0.6999999999999997,2.1999999999999993,0.0049261083743841316,7,0.001595169047619048
Terry Rozier,CHO,1.4000000000000021,1.0,-1.2066666666666666,3.3999999999999986,-3.3888888888888884,-3.5311111111111115,2.0999999999999943,-2.6000000000000014,0.10000000000000053,0.40000000000000036,-1.2999999999999998,3.6999999999999993,-0.1477272727272728,8,0.0015936595238095243
Admiral Schofield,ORL,0.7999999999999998,0.20000000000000018,0.4,0.0,2.225925925925926,2.4333333333333336,0.6999999999999993,4.199999999999999,-0.3999999999999999,0.20000000000000007,3.0,-1.4000000000000004,0.5599999999999999,3,0.0015503190476190477
Lonnie Walker IV,LAL,1.8000000000000007,0.5999999999999996,0.42162162162162165,0.09999999999999964,1.672972972972973,2.1243243243243253,5.100000000000001,0.09999999999999964,-0.3999999999999999,-0.9000000000000001,0.19999999999999996,-4.300000000000001,0.00813008130081298,5,0.0015290738095238097
Jalen Green,HOU,4.199999999999999,1.1000000000000005,-0.0020408163265306367,3.5,-0.16530612244897958,0.4714285714285713,2.3999999999999986,1.0,0.6999999999999997,1.1,0.3,4.199999999999999,0.08,2,0.001437111904761905
Jalen McDaniels,CHO,3.299999999999999,1.7999999999999998,-0.0490909090909091,4.300000000000001,-0.5527272727272727,0.8345454545454543,10.599999999999998,-0.8999999999999986,1.8000000000000003,0.8999999999999999,-0.7000000000000002,1.8999999999999986,-0.07086614173228335,4,0.0013848380952380952
Jaden McDaniels,MIN,2.200000000000001,0.8999999999999999,1.018867924528302,0.7999999999999989,1.466037735849057,2.39622641509434,5.099999999999998,1.5,-0.40000000000000036,0.8999999999999999,1.2,-0.3000000000000007,0.14563106796116504,3,0.001251232142857143
Killian Hayes,DET,2.799999999999999,1.1999999999999997,-0.22000000000000008,3.0999999999999996,-0.476,-0.664,1.3999999999999986,1.0999999999999996,-0.5,1.5,1.1999999999999997,4.300000000000001,0.11827956989247307,3,0.0009611250000000002
LaMelo Ball,CHO,3.1999999999999993,0.9999999999999991,-0.37142857142857144,3.6999999999999993,-1.6428571428571428,-1.7000000000000002,2.700000000000003,-1.5999999999999979,-0.7999999999999998,0.5,-0.09999999999999964,1.9000000000000021,-0.08121827411167502,3,0.0008223571428571429
Bam Adebayo,MIA,2.3999999999999986,1.2999999999999998,0.31224489795918364,2.9000000000000004,0.751020408163265,1.8367346938775517,2.5,-0.8000000000000007,-0.09999999999999964,-0.19999999999999973,-0.5999999999999999,1.0,-0.03669724770642205,6,0.000775604761904762
Jericho Sims,NYK,1.5,0.7,0.5857142857142856,0.8,2.2285714285714286,2.9904761904761914,1.6999999999999993,4.0,0.5,0.0,2.1999999999999997,0.7999999999999998,0.3448275862068966,2,0.000761547619047619
Royce O'Neale,BRK,2.0,0.6999999999999997,-1.1979591836734693,2.3999999999999995,-2.1979591836734693,-2.320408163265306,3.099999999999998,-1.1000000000000014,0.20000000000000018,1.5,-0.7,3.5,-0.1067961165048545,6,0.0007407464285714286
Isaiah Stewart,DET,3.0,0.3999999999999999,0.40930232558139534,1.9000000000000004,0.30697674418604626,-0.15813953488372112,2.6999999999999993,-0.6999999999999993,-0.5999999999999996,0.10000000000000009,1.6,2.5999999999999996,-0.04999999999999995,3,0.000713757142857143
Jaylen Brown,BOS,2.3000000000000007,1.3000000000000007,0.4170212765957446,2.1000000000000014,0.1425531914893612,0.6553191489361705,2.3999999999999986,0.7000000000000028,1.0,-0.2999999999999998,-0.09999999999999987,1.0,0.03703703703703719,7,0.0007046428571428571
Jalen Johnson,ATL,2.8000000000000003,1.0,0.592,2.3000000000000003,1.084,2.46,9.1,2.0,2.5999999999999996,0.8,2.4,-4.300000000000001,0.17699115044247787,2,0.0006766261904761906
Tyus Jones,MEM,1.700000000000001,0.5,0.4566037735849058,1.3000000000000007,-0.15094339622641462,0.469811320754717,2.5,-0.5999999999999996,0.0,0.2999999999999998,-0.09999999999999987,1.5,-0.03636363636363634,8,0.0006735119047619047
Herbert Jones,NOP,0.1999999999999993,-0.10000000000000009,-0.2692307692307693,0.39999999999999947,-1.258974358974359,-0.6051282051282048,-1.2999999999999972,-1.1000000000000014,-0.09999999999999964,0.0,-0.7999999999999998,1.8000000000000007,-0.0894308943089432,2,0.0006544166666666666
Precious Achiuwa,TOR,1.200000000000001,0.2999999999999998,0.2,-0.10000000000000142,1.1870967741935483,1.2032258064516128,-1.0,3.3000000000000007,0.0,-0.10000000000000009,0.7,1.3999999999999986,0.25984251968503946,3,0.0006496142857142857
Romeo Langford,SAS,2.9000000000000004,1.4000000000000001,-0.6124999999999999,2.4000000000000004,0.98125,-0.018750000000000044,4.099999999999998,2.3000000000000007,0.6000000000000001,0.9,0.6999999999999997,2.6999999999999993,0.2500000000000001,4,0.0005920833333333335
Jaylen Nowell,MIN,1.8000000000000007,1.0999999999999996,-0.8464285714285713,2.999999999999999,-1.9535714285714287,-1.189285714285714,4.100000000000001,-3.3000000000000007,0.7000000000000002,0.0,-3.1,3.6000000000000014,-0.19642857142857145,4,0.0005877000000000001
Jordan Poole,GSW,2.0,0.7000000000000002,-2.1641509433962263,2.0,-3.1,-4.143396226415094,0.5,-2.3000000000000007,-0.6000000000000001,0.2999999999999998,-2.1,3.5,-0.14285714285714288,4,0.000568627380952381
Wenyen Gabriel,LAL,1.0,0.6000000000000001,0.2047619047619048,0.09999999999999964,1.747619047619048,2.814285714285714,1.6999999999999993,3.0999999999999996,0.19999999999999973,0.0,1.8000000000000003,-1.9999999999999982,0.24799999999999997,4,0.0005265833333333333
Jose Alvarado,NOP,3.200000000000001,1.0,-0.49629629629629635,2.799999999999999,-0.6962962962962963,0.3296296296296295,6.299999999999999,-4.199999999999999,0.5,0.30000000000000027,-1.3,1.6000000000000014,-0.25609756097560976,2,0.0004922761904761904
Sam Hauser,BOS,3.0,0.9999999999999999,0.2823529411764705,2.5000000000000004,0.8862745098039216,1.9725490196078437,8.200000000000001,-3.1000000000000014,1.2999999999999998,0.29999999999999993,-2.8000000000000003,0.40000000000000036,-0.20945945945945954,2,0.0004798988095238095
Wendell Carter Jr.,ORL,0.09999999999999964,-0.20000000000000018,-0.25294117647058845,-0.3000000000000007,0.776470588235294,0.7882352941176469,0.10000000000000142,-1.5999999999999979,-1.6999999999999993,-0.19999999999999973,-0.5,-0.09999999999999787,-0.08695652173913032,5,0.00042294920634920643
Gabe Vincent,MIA,0.6000000000000014,0.19999999999999973,-0.815,0.8000000000000007,-1.315,-0.8600000000000001,1.6000000000000014,-1.5999999999999996,0.30000000000000027,-0.5,-1.6,0.3000000000000007,-0.15094339622641506,4,0.00040330714285714283
Naji Marshall,NOP,2.3999999999999995,1.5,0.364,3.4000000000000004,0.8200000000000001,2.152,11.700000000000001,-0.5,1.1999999999999997,1.5,1.2000000000000002,-2.6999999999999993,-0.04065040650406504,3,0.00039175
Mikal Bridges,PHO,3.0,0.7000000000000002,-0.21454545454545437,3.0999999999999996,-0.8763636363636369,-1.4454545454545453,1.6000000000000014,0.5999999999999996,0.09999999999999964,1.3000000000000003,0.0,4.199999999999999,0.041666666666666644,5,0.00037804999999999995
Keita Bates-Diop,SAS,1.2000000000000002,0.6000000000000001,0.3102564102564102,1.4000000000000004,1.0820512820512822,0.5025641025641021,2.5,1.4000000000000004,-0.6999999999999997,0.20000000000000007,1.8,1.3999999999999986,0.11290322580645164,5,0.00036791507936507936
Corey Kispert,WAS,1.6000000000000014,0.3999999999999999,0.4727272727272728,0.2999999999999998,1.1954545454545453,1.9863636363636363,4.200000000000003,0.09999999999999964,0.09999999999999964,0.19999999999999996,0.0,-1.5,0.009174311926605472,2,0.00035684603174603177
Jock Landale,PHO,2.0,0.7000000000000002,-0.021739130434782622,1.2000000000000002,0.7826086956521738,1.7086956521739132,3.4000000000000004,0.6999999999999993,1.4,0.09999999999999998,-1.5,1.6999999999999993,0.043749999999999956,2,0.00034741666666666666
De'Andre Hunter,ATL,1.0,0.9000000000000004,0.24090909090909096,1.5,1.6500000000000004,2.627272727272728,2.1999999999999993,1.5999999999999996,1.0,0.09999999999999987,0.7999999999999998,0.10000000000000142,0.15094339622641506,4,0.0003033238095238095
Scottie Barnes,TOR,0.3999999999999986,-0.10000000000000053,0.1499999999999999,0.7000000000000011,-0.703846153846154,-1.0807692307692305,-0.3999999999999986,0.0,-0.2999999999999998,1.2999999999999998,0.6000000000000001,1.3999999999999986,0.0,2,0.0002962142857142858
Immanuel Quickley,NYK,1.0999999999999996,0.8000000000000003,0.2148148148148148,0.7999999999999989,0.6888888888888891,0.9629629629629628,4.699999999999999,-0.5999999999999996,0.8999999999999995,-0.2999999999999998,-0.4,-3.1999999999999993,-0.04109589041095888,3,0.00028793809523809525
Patrick Williams,CHI,1.0,0.5999999999999996,0.0,2.3000000000000007,-0.12692307692307697,2.0961538461538463,4.599999999999998,-2.1999999999999993,0.3000000000000007,0.4,-0.9,1.0,-0.17322834645669286,3,0.00028132976190476197
Max Strus,MIA,1.9000000000000004,0.7000000000000002,-0.8846153846153846,2.5,-0.7384615384615385,0.18461538461538485,6.5,-1.5999999999999996,0.6000000000000001,0.7000000000000002,-2.4,0.09999999999999787,-0.1259842519685039,4,0.00025514047619047616
RJ Barrett,NYK,0.1999999999999993,0.09999999999999964,-0.5416666666666667,-0.6000000000000014,0.9249999999999999,0.7750000000000004,0.3999999999999986,-0.29999999999999893,-0.39999999999999947,-0.20000000000000018,-0.39999999999999997,-1.6000000000000014,-0.021897810218978027,4,0.0002522
Haywood Highsmith,MIA,2.5,1.0999999999999999,-0.1157894736842105,2.0000000000000004,-0.2157894736842105,1.8421052631578947,10.6,1.9000000000000004,2.4,0.39999999999999997,-0.20000000000000018,-1.5999999999999996,0.27142857142857146,3,0.0002474333333333333
Onyeka Okongwu,ATL,1.200000000000001,0.6000000000000001,0.24615384615384606,1.3999999999999995,1.1576923076923076,2.7384615384615385,3.6000000000000014,-2.1999999999999993,1.5,-0.10000000000000009,-0.9,0.0,-0.11111111111111108,3,0.00022158333333333332
Jalen Smith,IND,0.3000000000000007,0.0,-0.3,0.6999999999999993,-0.8458333333333333,-0.23749999999999982,0.7999999999999972,-3.099999999999998,-0.2999999999999998,0.5,-2.1,1.1999999999999993,-0.1684782608695651,3,0.00021616190476190475
Zach Collins,SAS,1.7999999999999998,1.0,-0.0047619047619048005,1.4000000000000004,0.9619047619047619,1.1428571428571426,2.6000000000000014,-0.8999999999999986,0.2999999999999998,0.2999999999999998,-0.10000000000000009,0.6000000000000014,-0.05487804878048772,5,0.0002088761904761905
Charles Bassey,SAS,1.7000000000000002,0.7,0.14166666666666666,0.8999999999999999,0.9666666666666667,1.5916666666666666,6.3,-4.199999999999999,2.5,0.8999999999999999,-0.9999999999999999,-2.3000000000000007,-0.1953488372093023,2,0.00020645714285714287
Kenyon Martin Jr.,HOU,2.0999999999999996,1.0,0.21886792452830195,1.5,1.1037735849056611,1.4320754716981132,4.699999999999999,0.6999999999999993,1.7000000000000002,0.19999999999999996,0.4,0.09999999999999787,0.048951048951048896,3,0.00020567857142857144
Bones Hyland,DEN,2.0,0.7999999999999998,0.08571428571428563,2.0,-0.7095238095238097,-0.6428571428571428,0.5,0.29999999999999893,-0.7000000000000002,0.20000000000000018,0.39999999999999997,4.599999999999998,0.02083333333333326,2,0.00019485
John Konchar,MEM,1.2999999999999998,0.3999999999999999,0.0755555555555556,1.6999999999999997,-0.9422222222222221,0.3555555555555552,5.300000000000001,-2.9000000000000004,0.3000000000000007,0.0,-1.7,0.9000000000000004,-0.20714285714285716,4,0.00015431666666666669
Dean Wade,CLE,0.09999999999999964,0.20000000000000018,0.912,0.2999999999999998,0.8679999999999999,2.292,3.3000000000000007,0.09999999999999964,0.8000000000000003,0.0,0.3999999999999999,-0.29999999999999893,0.009900990099009866,4,0.00011682857142857145
Deni Avdija,WAS,0.40000000000000036,0.10000000000000009,-0.1,0.20000000000000018,-0.27199999999999996,0.552,1.9000000000000021,-0.29999999999999893,1.0,0.5,-0.6999999999999997,-0.10000000000000142,-0.02586206896551715,3,9.75357142857143e-05
Ish Wainright,PHO,1.5,0.4999999999999999,0.2216216216216216,1.4000000000000004,0.664864864864865,1.6162162162162157,7.199999999999999,-0.09999999999999964,1.0000000000000002,0.7,0.0,-2.5999999999999996,-0.010638297872340387,2,7.416904761904762e-05
Cameron Payne,PHO,1.1999999999999993,0.40000000000000036,-0.40714285714285714,0.9000000000000004,0.38571428571428573,0.7357142857142862,2.0,-0.10000000000000142,-0.7000000000000002,0.39999999999999947,0.2,-0.10000000000000142,-0.007246376811594305,8,6.987619047619048e-05
Torrey Craig,PHO,1.4000000000000004,0.5,0.6884615384615386,1.0,1.15,2.430769230769231,4.899999999999999,1.3000000000000007,1.7000000000000002,0.30000000000000004,0.8999999999999999,-1.0,0.11818181818181825,6,6.638452380952381e-05
Landry Shamet,PHO,0.1999999999999993,0.30000000000000027,-0.026666666666666672,1.0999999999999996,-0.006666666666666821,0.1333333333333333,0.5999999999999979,0.9000000000000004,-0.10000000000000009,0.6000000000000001,0.30000000000000004,2.5,0.0882352941176471,5,4.946190476190475e-05
Usman Garuba,HOU,1.2000000000000002,0.5,0.42340425531914894,0.5999999999999999,1.0212765957446808,1.942553191489361,3.9000000000000004,1.1999999999999993,1.2000000000000002,0.30000000000000004,0.40000000000000013,0.9000000000000004,0.09302325581395343,2,2.916666666666667e-05
Caleb Martin,MIA,1.0,0.2999999999999998,-0.7272727272727273,1.5000000000000009,-0.5954545454545455,0.6590909090909092,7.600000000000001,-3.6000000000000014,1.2000000000000002,0.5999999999999999,-1.9000000000000001,-1.700000000000001,-0.24324324324324334,4,2.7319047619047618e-05
Grant Williams,BOS,0.8999999999999995,0.2999999999999998,-0.1692307692307693,0.6000000000000005,0.12307692307692308,0.10384615384615437,3.1000000000000014,-0.3999999999999986,0.9999999999999996,0.6000000000000001,-0.10000000000000009,0.0,-0.03571428571428559,4,2.3419047619047618e-05
Vlatko Čančar,DEN,1.0,0.3999999999999999,0.2102564102564102,1.0999999999999996,1.1717948717948716,2.3333333333333335,3.5,-1.5,0.10000000000000009,0.2999999999999998,-0.29999999999999993,-0.5999999999999996,-0.11811023622047245,4,2.0495238095238098e-05
Daishen Nix,HOU,0.5,0.09999999999999987,-0.52,0.8000000000000003,-0.9299999999999999,-0.415,4.699999999999999,-1.1999999999999993,0.30000000000000004,0.9000000000000001,1.4000000000000004,-3.200000000000001,-0.14814814814814806,2,1.9883333333333333e-05
Miles McBride,NYK,1.5,0.5,0.009302325581395404,1.0,-0.0906976744186046,0.5627906976744186,3.8999999999999986,1.6000000000000005,-0.20000000000000007,0.19999999999999996,1.4000000000000004,0.5,0.26229508196721324,2,1.2e-05
Moses Moody,GSW,0.6999999999999993,0.30000000000000004,-0.30999999999999994,0.5,-0.19,-0.07000000000000006,3.1000000000000014,-1.5,0.19999999999999996,0.5,-0.8000000000000003,-1.0,-0.14285714285714285,2,8.333333333333334e-06
Ayo Dosunmu,CHI,0.8999999999999986,0.2999999999999998,0.0,0.6999999999999993,-0.06000000000000005,0.44399999999999995,0.3000000000000007,-0.1999999999999993,0.20000000000000018,-0.5999999999999996,-0.30000000000000027,0.8000000000000007,-0.017857142857142794,2,6.566666666666668e-06
JT Thor,CHO,0.7000000000000002,0.30000000000000004,-0.6809523809523811,0.9000000000000001,-0.6857142857142856,-0.3,3.0,-3.299999999999999,0.3999999999999999,-0.19999999999999996,-1.6,0.8000000000000007,-0.3402061855670102,2,4.8e-06
De'Anthony Melton,PHI,0.1999999999999993,0.20000000000000018,0.40816326530612246,-0.1999999999999993,0.27142857142857124,1.1530612244897958,6.199999999999999,-1.6999999999999993,-0.09999999999999964,0.09999999999999964,-0.8,-4.100000000000001,-0.11184210526315785,5,1.6666666666666667e-06
